tr,ta,tc,to,tu,co,cu,cm,cf
0,1,5,6,0,3,0,6,0
0.1,1,4,2,0,2,0,8,6
0.2,1,4,2,0,2,0,8,6
0.30000000000000004,1,4,2,0,2,0,8,6
0.4,1,4,2,0,2,0,8,6
0.5,1,4,2,0,2,0,8,6
0.6,1,4,2,0,2,0,8,6
0.7,1,4,2,0,2,0,8,6
0.7999999999999999,1,4,2,0,2,0,8,6
0.8999999999999999,1,4,2,0,2,0,8,6
0.9999999999999999,1,4,2,0,2,0,8,6
